"44","5209 Pattison Ave, Saint Louis, MO, ","Match","Exact","5209 PATTISON AVE, SAINT LOUIS, MO, 63110","-90.272402901264,38.61909222885","107594649","R"
"45","2107 Robert Ruggeri Pl, Saint Louis, MO, ","No_Match"
"46","2108 Robert Ruggeri Pl, Saint Louis, MO, ","No_Match"
"47","5021 Shaw Ave, Saint Louis, MO, ","Match","Exact","5021 SHAW AVE, SAINT LOUIS, MO, 63110","-90.269030028294,38.617624155869","107594680","R"
"48","5133 Shaw Ave, Saint Louis, MO, ","Match","Exact","5133 SHAW AVE, SAINT LOUIS, MO, 63110","-90.271144204824,38.617844176112","107594654","R"
"49","5143 Shaw Ave, Saint Louis, MO, ","Match","Exact","5143 SHAW AVE, SAINT LOUIS, MO, 63110","-90.27132074857,38.617862536673","107594654","R"
"50","2227 Stephen Ct, Saint Louis, MO, ","Match","Non_Exact","2227 STEPHEN AVE, SAINT LOUIS, MO, 63110","-90.282098330542,38.615209722098","605121633","L"
"51","1631 Sublette Ave, Saint Louis, MO, ","Match","Exact","1631 SUBLETTE AVE, SAINT LOUIS, MO, 63110","-90.280607775536,38.621349722981","655724764","R"
"52","2314 Sublette Ave, Saint Louis, MO, ","Match","Exact","2314 SUBLETTE AVE, SAINT LOUIS, MO, 63110","-90.280439378566,38.61347759452","107594556","L"
"53","5129 Wilson Ave, Saint Louis, MO, ","Match","Exact","5129 WILSON AVE, SAINT LOUIS, MO, 63110","-90.271517915203,38.615615169342","107594723","R"
"10","5442 Bischoff Ave, Saint Louis, MO, ","Match","Exact","5442 BISCHOFF AVE, SAINT LOUIS, MO, 63110","-90.27922360131,38.61519857473","624223329","L"
"54","5223 Wilson Ave, Saint Louis, MO, ","Match","Exact","5223 WILSON AVE, SAINT LOUIS, MO, 63110","-90.273366068204,38.615819689015","107594715","R"
"11","5450 Bischoff Ave, Saint Louis, MO, ","Match","Exact","5450 BISCHOFF AVE, SAINT LOUIS, MO, 63110","-90.279423909415,38.615222231564","624223329","L"
"55","5324 Wilson Ave, Saint Louis, MO, ","Match","Exact","5324 WILSON AVE, SAINT LOUIS, MO, 63110","-90.275642883768,38.615943938803","107594696","L"
"12","5635 Bischoff Ave, Saint Louis, MO, ","Match","Exact","5635 BISCHOFF AVE, SAINT LOUIS, MO, 63110","-90.281650312524,38.616172015501","639094265","R"
"56","5347 Wilson Ave, Saint Louis, MO, ","Match","Exact","5347 WILSON AVE, SAINT LOUIS, MO, 63110","-90.276086245554,38.616104744381","107594696","R"
"13","5641 Bischoff Ave, Saint Louis, MO, ","Match","Exact","5641 BISCHOFF AVE, SAINT LOUIS, MO, 63110","-90.281774426255,38.616183835865","639094265","R"
"57","5414 Wilson Ave, Saint Louis, MO, ","Match","Exact","5414 WILSON AVE, SAINT LOUIS, MO, 63110","-90.278046346884,38.616186365468","605122058","L"
"14","5656 Bischoff Ave, Saint Louis, MO, ","Match","Exact","5656 BISCHOFF AVE, SAINT LOUIS, MO, 63110","-90.282283077138,38.616120595187","639094265","L"
"58","5415 Wilson Ave, Saint Louis, MO, ","Match","Exact","5415 WILSON AVE, SAINT LOUIS, MO, 63110","-90.277890992661,38.61628540409","605122058","R"
"15","5225 Botanical Ave, Saint Louis, MO, ","Match","Exact","5225 BOTANICAL AVE, SAINT LOUIS, MO, 63110","-90.274124207097,38.612272094378","107594710","R"
"59","5415 Wilson Ave, Saint Louis, MO, ","Match","Exact","5415 WILSON AVE, SAINT LOUIS, MO, 63110","-90.277890992661,38.61628540409","605122058","R"
"16","5525 Botanical Ave, Saint Louis, MO, ","Match","Exact","5525 BOTANICAL AVE, SAINT LOUIS, MO, 63110","-90.280867519266,38.612514162036","107594535","R"
"17","5608 Botanical Ave, Saint Louis, MO, ","Match","Exact","5608 BOTANICAL AVE, SAINT LOUIS, MO, 63110","-90.282213582033,38.612522769356","107594535","L"
"18","5433 Columbia Ave, Saint Louis, MO, ","Match","Exact","5433 COLUMBIA AVE, SAINT LOUIS, MO, 63139","-90.279318502402,38.611437961053","605124281","R"
"19","5523 Columbia Ave, Saint Louis, MO, ","Match","Exact","5523 COLUMBIA AVE, SAINT LOUIS, MO, 63139","-90.281408410486,38.611646590832","652555687","R"
"0","2115 59th St, Saint Louis, MO, ","Match","Exact","2115 59TH ST, SAINT LOUIS, MO, 63110","-90.284746014618,38.617121361418","107594515","R"
"1","2151 59th St, Saint Louis, MO, ","Match","Exact","2151 59TH ST, SAINT LOUIS, MO, 63110","-90.284815907508,38.616694647118","107594515","R"
"2","2621 59th St, Saint Louis, MO, ","Match","Exact","2621 59TH ST, SAINT LOUIS, MO, 63139","-90.286440021754,38.611319242639","605124317","R"
"3","2654 59th St, Saint Louis, MO, ","Match","Exact","2654 59TH ST, SAINT LOUIS, MO, 63139","-90.286389370214,38.610853254719","605124317","L"
"4","5004 Bischoff Ave, Saint Louis, MO, ","Match","Exact","5004 BISCHOFF AVE, SAINT LOUIS, MO, 63110","-90.269697717392,38.614202799301","107594760","L"
"5","5319 Bischoff Ave, Saint Louis, MO, ","Match","Exact","5319 BISCHOFF AVE, SAINT LOUIS, MO, 63110","-90.27571326899,38.614946700788","107594698","R"
"6","5325 Bischoff Ave, Saint Louis, MO, ","Match","Exact","5325 BISCHOFF AVE, SAINT LOUIS, MO, 63110","-90.275839246107,38.614960279168","107594698","R"
"7","5427 Bischoff Ave, Saint Louis, MO, ","Match","Exact","5427 BISCHOFF AVE, SAINT LOUIS, MO, 63110","-90.278444431333,38.615232628248","624223328","R"
"8","5431 Bischoff Ave, Saint Louis, MO, ","Match","Exact","5431 BISCHOFF AVE, SAINT LOUIS, MO, 63110","-90.278581170858,38.61524713939","624223328","R"
"9","5432 Bischoff Ave, Saint Louis, MO, ","Match","Exact","5432 BISCHOFF AVE, SAINT LOUIS, MO, 63110","-90.278888061405,38.615164063833","624223328","L"
"20","5817 Columbia Ave, Saint Louis, MO, ","Match","Exact","5817 COLUMBIA AVE, SAINT LOUIS, MO, 63139","-90.285252817448,38.612031484087","605123558","R"
"21","5907 Columbia Ave, Saint Louis, MO, ","Match","Exact","5907 COLUMBIA AVE, SAINT LOUIS, MO, 63139","-90.286525983564,38.612149798488","107594465","R"
"22","5113 Daggett Ave, Saint Louis, MO, ","Match","Exact","5113 DAGGETT AVE, SAINT LOUIS, MO, 63110","-90.271005981926,38.616671462899","107594719","R"
"23","5115 Daggett Ave, Saint Louis, MO, ","Match","Exact","5115 DAGGETT AVE, SAINT LOUIS, MO, 63110","-90.271041438947,38.616675683976","107594719","R"
"24","5128 Daggett Ave, Saint Louis, MO, ","Match","Exact","5128 DAGGETT AVE, SAINT LOUIS, MO, 63110","-90.271310849205,38.616588893902","107594719","L"
"25","5213 Daggett Ave, Saint Louis, MO, ","Match","Exact","5213 DAGGETT AVE, SAINT LOUIS, MO, 63110","-90.272934529629,38.616878017853","107594713","R"
"26","5227 Daggett Ave, Saint Louis, MO, ","Match","Exact","5227 DAGGETT AVE, SAINT LOUIS, MO, 63110","-90.273231648366,38.616907186671","107594713","R"
"27","5231 Daggett Ave, Saint Louis, MO, ","Match","Exact","5231 DAGGETT AVE, SAINT LOUIS, MO, 63110","-90.273316407402,38.616915301903","107594713","R"
"28","5235 Daggett Ave, Saint Louis, MO, ","Match","Exact","5235 DAGGETT AVE, SAINT LOUIS, MO, 63110","-90.273401166438,38.616923417135","107594713","R"
"29","5520 Dugan Ave, Saint Louis, MO, ","Match","Exact","5520 DUGAN AVE, SAINT LOUIS, MO, 63110","-90.281617958491,38.613333562229","605121267","L"
"30","2017 Edwards St, Saint Louis, MO, ","Match","Exact","2017 EDWARDS ST, SAINT LOUIS, MO, 63110","-90.275032062931,38.61642510196","605122255","R"
"31","2301 Edwards St, Saint Louis, MO, ","Match","Exact","2301 EDWARDS ST, SAINT LOUIS, MO, 63110","-90.275617185748,38.613482237927","107594708","R"
"32","5223 Elizabeth Ave, Saint Louis, MO, ","Match","Exact","5223 ELIZABETH AVE, SAINT LOUIS, MO, 63110","-90.274310786184,38.613449858654","605121303","R"
"33","5235 Elizabeth Ave, Saint Louis, MO, ","Match","Exact","5235 ELIZABETH AVE, SAINT LOUIS, MO, 63110","-90.274490962744,38.613469187952","605121303","R"
"34","5431 Elizabeth Ave, Saint Louis, MO, ","Match","Exact","5431 ELIZABETH AVE, SAINT LOUIS, MO, 63110","-90.279002103135,38.613548473251","605121178","R"
"35","5447 Elizabeth Ave, Saint Louis, MO, ","Match","Exact","5447 ELIZABETH AVE, SAINT LOUIS, MO, 63110","-90.279542450947,38.613610109918","605121178","R"
"36","2011 Lilly Ave, Saint Louis, MO, ","Match","Exact","2011 LILLY AVE, SAINT LOUIS, MO, 63110","-90.279395368725,38.617150029372","605122372","R"
"37","2023 Macklind Ave, Saint Louis, MO, ","Match","Exact","2023 MACKLIND AVE, SAINT LOUIS, MO, 63110","-90.277244711275,38.616618151679","605122319","R"
"38","2233 Macklind Ave, Saint Louis, MO, ","Match","Exact","2233 MACKLIND AVE, SAINT LOUIS, MO, 63110","-90.277765478574,38.61402150965","107594700","R"
"39","2315 Macklind Ave, Saint Louis, MO, ","Match","Exact","2315 MACKLIND AVE, SAINT LOUIS, MO, 63110","-90.277936500206,38.613208657548","107594699","R"
"40","2336 Macklind Ave, Saint Louis, MO, ","Match","Exact","2336 MACKLIND AVE, SAINT LOUIS, MO, 63110","-90.277818417476,38.613062252121","107594699","L"
"41","4941 Magnolia Ave, Saint Louis, MO, ","Match","Exact","4941 MAGNOLIA AVE, SAINT LOUIS, MO, 63139","-90.269953994535,38.609105114704","605123640","R"
"42","1935 Marconi Ave, Saint Louis, MO, ","Match","Exact","1935 MARCONI AVE, SAINT LOUIS, MO, 63110","-90.272598123061,38.617237576293","605118932","R"
"43","2232 Marconi Ave, Saint Louis, MO, ","Match","Exact","2232 MARCONI AVE, SAINT LOUIS, MO, 63110","-90.273084677274,38.614141292392","107594720","L"
